{
  "Q1": 13.443576097488403,
  "Q2": 10.89378054936727,
  "Q3": 19.875553687413532,
  "Q4": 5.9890486399332685
}